-- MySQL dump 10.16  Distrib 10.1.29-MariaDB, for Linux (x86_64)
--
-- Host: localhost    Database: cms
-- ------------------------------------------------------
-- Server version	10.1.29-MariaDB

/*!40101 SET @OLD_CHARACTER_SET_CLIENT=@@CHARACTER_SET_CLIENT */;
/*!40101 SET @OLD_CHARACTER_SET_RESULTS=@@CHARACTER_SET_RESULTS */;
/*!40101 SET @OLD_COLLATION_CONNECTION=@@COLLATION_CONNECTION */;
/*!40101 SET NAMES utf8 */;
/*!40103 SET @OLD_TIME_ZONE=@@TIME_ZONE */;
/*!40103 SET TIME_ZONE='+00:00' */;
/*!40014 SET @OLD_UNIQUE_CHECKS=@@UNIQUE_CHECKS, UNIQUE_CHECKS=0 */;
/*!40014 SET @OLD_FOREIGN_KEY_CHECKS=@@FOREIGN_KEY_CHECKS, FOREIGN_KEY_CHECKS=0 */;
/*!40101 SET @OLD_SQL_MODE=@@SQL_MODE, SQL_MODE='NO_AUTO_VALUE_ON_ZERO' */;
/*!40111 SET @OLD_SQL_NOTES=@@SQL_NOTES, SQL_NOTES=0 */;

--
-- Table structure for table `categories`
--

DROP TABLE IF EXISTS `categories`;
/*!40101 SET @saved_cs_client     = @@character_set_client */;
/*!40101 SET character_set_client = utf8 */;
CREATE TABLE `categories` (
  `id` int(10) unsigned NOT NULL AUTO_INCREMENT,
  `name` varchar(191) COLLATE utf8mb4_unicode_ci NOT NULL,
  `created_at` timestamp NULL DEFAULT NULL,
  `updated_at` timestamp NULL DEFAULT NULL,
  PRIMARY KEY (`id`)
) ENGINE=InnoDB AUTO_INCREMENT=6 DEFAULT CHARSET=utf8mb4 COLLATE=utf8mb4_unicode_ci;
/*!40101 SET character_set_client = @saved_cs_client */;

--
-- Dumping data for table `categories`
--

LOCK TABLES `categories` WRITE;
/*!40000 ALTER TABLE `categories` DISABLE KEYS */;
INSERT INTO `categories` VALUES (1,'Technology','2018-01-22 11:34:57','2018-01-22 11:34:57'),(2,'Web','2018-01-22 11:34:57','2018-01-22 11:34:57'),(3,'Mobile','2018-01-22 11:34:57','2018-01-22 11:34:57'),(4,'Gadget','2018-01-22 11:34:57','2018-01-22 11:34:57'),(5,'Computer','2018-01-22 11:34:57','2018-01-22 11:34:57');
/*!40000 ALTER TABLE `categories` ENABLE KEYS */;
UNLOCK TABLES;

--
-- Table structure for table `comments`
--

DROP TABLE IF EXISTS `comments`;
/*!40101 SET @saved_cs_client     = @@character_set_client */;
/*!40101 SET character_set_client = utf8 */;
CREATE TABLE `comments` (
  `id` int(10) unsigned NOT NULL AUTO_INCREMENT,
  `name` varchar(191) COLLATE utf8mb4_unicode_ci NOT NULL,
  `post_id` int(10) unsigned NOT NULL,
  `email` varchar(191) COLLATE utf8mb4_unicode_ci NOT NULL,
  `message` text COLLATE utf8mb4_unicode_ci NOT NULL,
  `created_at` timestamp NULL DEFAULT NULL,
  `updated_at` timestamp NULL DEFAULT NULL,
  PRIMARY KEY (`id`),
  KEY `comments_post_id_foreign` (`post_id`),
  CONSTRAINT `comments_post_id_foreign` FOREIGN KEY (`post_id`) REFERENCES `posts` (`id`) ON DELETE CASCADE
) ENGINE=InnoDB DEFAULT CHARSET=utf8mb4 COLLATE=utf8mb4_unicode_ci;
/*!40101 SET character_set_client = @saved_cs_client */;

--
-- Dumping data for table `comments`
--

LOCK TABLES `comments` WRITE;
/*!40000 ALTER TABLE `comments` DISABLE KEYS */;
/*!40000 ALTER TABLE `comments` ENABLE KEYS */;
UNLOCK TABLES;

--
-- Table structure for table `migrations`
--

DROP TABLE IF EXISTS `migrations`;
/*!40101 SET @saved_cs_client     = @@character_set_client */;
/*!40101 SET character_set_client = utf8 */;
CREATE TABLE `migrations` (
  `id` int(10) unsigned NOT NULL AUTO_INCREMENT,
  `migration` varchar(191) COLLATE utf8mb4_unicode_ci NOT NULL,
  `batch` int(11) NOT NULL,
  PRIMARY KEY (`id`)
) ENGINE=InnoDB AUTO_INCREMENT=6 DEFAULT CHARSET=utf8mb4 COLLATE=utf8mb4_unicode_ci;
/*!40101 SET character_set_client = @saved_cs_client */;

--
-- Dumping data for table `migrations`
--

LOCK TABLES `migrations` WRITE;
/*!40000 ALTER TABLE `migrations` DISABLE KEYS */;
INSERT INTO `migrations` VALUES (1,'2014_10_12_000000_create_users_table',1),(2,'2014_10_12_100000_create_password_resets_table',1),(3,'2018_01_18_062443_create_categories_table',1),(4,'2018_01_18_063527_create_posts_table',1),(5,'2018_01_18_063732_create_comments_table',1);
/*!40000 ALTER TABLE `migrations` ENABLE KEYS */;
UNLOCK TABLES;

--
-- Table structure for table `password_resets`
--

DROP TABLE IF EXISTS `password_resets`;
/*!40101 SET @saved_cs_client     = @@character_set_client */;
/*!40101 SET character_set_client = utf8 */;
CREATE TABLE `password_resets` (
  `email` varchar(191) COLLATE utf8mb4_unicode_ci NOT NULL,
  `token` varchar(191) COLLATE utf8mb4_unicode_ci NOT NULL,
  `created_at` timestamp NULL DEFAULT NULL,
  KEY `password_resets_email_index` (`email`)
) ENGINE=InnoDB DEFAULT CHARSET=utf8mb4 COLLATE=utf8mb4_unicode_ci;
/*!40101 SET character_set_client = @saved_cs_client */;

--
-- Dumping data for table `password_resets`
--

LOCK TABLES `password_resets` WRITE;
/*!40000 ALTER TABLE `password_resets` DISABLE KEYS */;
/*!40000 ALTER TABLE `password_resets` ENABLE KEYS */;
UNLOCK TABLES;

--
-- Table structure for table `posts`
--

DROP TABLE IF EXISTS `posts`;
/*!40101 SET @saved_cs_client     = @@character_set_client */;
/*!40101 SET character_set_client = utf8 */;
CREATE TABLE `posts` (
  `id` int(10) unsigned NOT NULL AUTO_INCREMENT,
  `title` varchar(191) COLLATE utf8mb4_unicode_ci NOT NULL,
  `content` text COLLATE utf8mb4_unicode_ci NOT NULL,
  `user_id` int(10) unsigned NOT NULL,
  `category_id` int(10) unsigned NOT NULL,
  `created_at` timestamp NULL DEFAULT NULL,
  `updated_at` timestamp NULL DEFAULT NULL,
  PRIMARY KEY (`id`),
  KEY `posts_user_id_foreign` (`user_id`),
  KEY `posts_category_id_foreign` (`category_id`),
  CONSTRAINT `posts_category_id_foreign` FOREIGN KEY (`category_id`) REFERENCES `categories` (`id`) ON DELETE CASCADE,
  CONSTRAINT `posts_user_id_foreign` FOREIGN KEY (`user_id`) REFERENCES `users` (`id`) ON DELETE CASCADE
) ENGINE=InnoDB AUTO_INCREMENT=31 DEFAULT CHARSET=utf8mb4 COLLATE=utf8mb4_unicode_ci;
/*!40101 SET character_set_client = @saved_cs_client */;

--
-- Dumping data for table `posts`
--

LOCK TABLES `posts` WRITE;
/*!40000 ALTER TABLE `posts` DISABLE KEYS */;
INSERT INTO `posts` VALUES (1,'Sapiente totam aut dolorem dolorem.','Optio ut aut eum quos asperiores. Quia distinctio aut quidem tempora magni. Atque laborum commodi aut est veniam voluptate. Animi ex omnis eligendi eveniet id temporibus. Voluptas impedit aut quis voluptatem. Exercitationem sunt dolores amet quibusdam. Debitis voluptate ab architecto excepturi vel corrupti. Hic quo dolores nostrum quae ea amet et. Possimus qui facilis ratione rem. Qui aut possimus molestiae sapiente repellendus rerum ducimus. Unde provident in repellat aspernatur iste. Minus rerum sunt non unde ad magni. In itaque minus repudiandae sunt sint voluptatem. Laboriosam neque culpa aperiam dicta aut autem perspiciatis. Quasi aut et voluptatem in voluptas. Ut in atque blanditiis accusamus quia porro. Nihil ad quasi quae. Quia ad optio nesciunt. Placeat provident culpa rerum tempore et harum. Nobis ab rerum voluptatem. Cumque et necessitatibus quia beatae aut deserunt ipsum. Ut sed autem commodi impedit qui. Illum voluptates quia id cum. Dolore iure et aspernatur magni rerum et harum. Quae rerum alias similique ipsa ea doloremque nam. Eius vero necessitatibus quidem voluptatem nulla ut est totam. Dolorem quae nihil perspiciatis in enim. Facilis consequatur deserunt voluptates illo. Omnis et eum eveniet qui. Reprehenderit repellendus id odit placeat rerum sunt. Et saepe numquam sint beatae qui. Ut laudantium suscipit pariatur sed veritatis. Doloremque ullam excepturi nobis ipsam ratione qui. Ut qui in numquam aperiam. Qui vitae est sunt quis. Soluta ad quia blanditiis aliquam ullam enim. A voluptas libero non asperiores provident. A quaerat facilis mollitia in. Est est optio suscipit. Tempore facilis corrupti rerum perspiciatis veritatis aut qui. Libero est incidunt consequatur qui. Quis sint amet deserunt. Necessitatibus inventore quas ipsam vel.',1,5,'2018-01-22 11:34:57','2018-01-22 11:34:57'),(2,'Voluptatem dolores error tempore harum delectus quia.','Molestiae sed in facere. Nihil nobis illum aut aut. Illum iste sed vel quia voluptas. Vel et est aut aut quidem hic. Quia rem in deleniti. Quam quam aperiam aut consectetur id magnam. Reiciendis perferendis vel rerum. Quasi beatae dolorem et recusandae. Dolorum ut fugit qui officia nam tempore id. Totam quia nam odit dolores ut. Aut facilis voluptas iste perspiciatis aut vitae dolorem. Aliquam commodi perferendis perspiciatis similique dolores eveniet. Veritatis tenetur id aliquam eos non. Quae labore doloribus doloremque repellendus possimus placeat dolor. Minima nam repellat minus. Et explicabo et vitae provident dicta dolores ipsa. Voluptas omnis excepturi vitae omnis dolore et repellat. Esse neque ut tempore nihil sunt. Minima sed consectetur qui quia quaerat aut hic. Illo voluptatum illum commodi qui velit iusto. Deleniti cupiditate velit eos perspiciatis. Laboriosam et modi sint tenetur. Reprehenderit architecto tempore dolor quae adipisci reiciendis. Reiciendis non quia nostrum veniam aut sunt. Autem eum quasi consequuntur odit deleniti magnam. Laboriosam placeat doloremque quis quis. Cum eos quo occaecati similique aut sapiente. Dolorum consequatur natus enim quis. Aperiam cumque autem neque odio et quae totam. Natus aliquam autem sequi et. Modi qui ullam qui. Est exercitationem voluptatem quia impedit commodi magni est. Distinctio voluptate dignissimos soluta facere atque harum voluptate. Et repudiandae est eum ullam est. Dicta consequatur et distinctio. Voluptas velit et voluptates aut illo rem. Cum laboriosam animi nam voluptatum quia sequi. Ut ut rerum quaerat rerum. Dolorem cum quaerat sunt et incidunt esse corrupti.',1,4,'2018-01-22 11:34:57','2018-01-22 11:34:57'),(3,'Voluptas nostrum ea sed quas.','Commodi iusto aliquid dolore ad dolor accusantium voluptatem. Quo laborum vitae aut rerum dolorem in. Id rerum minus aspernatur occaecati aut. Qui nemo laborum possimus mollitia hic voluptatem. Delectus adipisci rem animi sed cumque consequatur et quo. Nulla sint excepturi veritatis dolorem aut explicabo optio. Numquam eum eos quaerat nisi sit consequatur suscipit. Inventore odio provident magnam. Sit omnis velit quaerat ea hic rerum. Omnis possimus id accusantium architecto unde. Vel in ut nobis minima. Tenetur et nihil omnis et velit. Iure dignissimos illum cum. Esse molestias illo et hic aut eum. Suscipit ea et quia vel. Expedita vitae sint et. Hic doloribus ut id perspiciatis id. Dolores explicabo deserunt quidem sed iste. Quae molestias ducimus est qui sequi reiciendis. Exercitationem aliquid quis aut qui asperiores. Repudiandae earum adipisci minus sed cum. Nulla et iste perspiciatis molestiae qui. Possimus recusandae dolorum modi enim suscipit. Vero cum voluptates exercitationem maiores neque laboriosam vero. Necessitatibus ipsam iste omnis. Et quia rerum officiis at porro commodi deserunt magnam. Atque quia alias libero nostrum molestiae inventore et at. Quos consequatur in suscipit consectetur vel vero. Alias reprehenderit nulla culpa voluptas corporis hic.',5,1,'2018-01-22 11:34:57','2018-01-22 11:34:57'),(4,'Nihil et et enim itaque iste eveniet.','Ut voluptatem aut eligendi vitae molestiae repudiandae. Sint aliquid molestias dolor asperiores. Eum atque suscipit magni. Sit laudantium velit molestiae voluptatem veniam quae ullam. Ullam sunt dolorem nisi consequatur et aut ut. Soluta qui ut sed hic corporis quibusdam modi ipsum. Autem dolorem commodi aut. Possimus unde excepturi in dolor pariatur nisi. Dolores aut ullam fuga qui eaque. Placeat architecto quo rerum et. Quidem veritatis minus harum illum a minima. Quos sunt eos amet est nostrum officiis. Sequi non nulla ut totam. Voluptas quibusdam maxime et accusamus itaque voluptatem incidunt. Vel qui doloribus culpa vero perferendis consequatur nobis. Et dicta vitae dolores recusandae autem placeat aut non. Et omnis id ratione. Modi aut voluptates aut sint nemo optio. Quis ducimus distinctio tempore inventore dolores asperiores. Ea expedita sequi vero deserunt quia ex. Accusamus labore possimus omnis atque. Dolorum quae eius et et. Aliquam et et quam sint. Consequatur nisi pariatur minus numquam magni rerum. Molestiae quas odio quaerat cupiditate id molestias a. Est magni et consequatur at.',2,4,'2018-01-22 11:34:57','2018-01-22 11:34:57'),(5,'Vero incidunt quaerat blanditiis ut aspernatur id.','Enim dolores molestiae voluptas animi eum. Id nihil iure molestiae officia sed est. Et quia adipisci ut cupiditate enim. Voluptates alias fugiat quaerat sequi quia. Ea explicabo vel dolore sit beatae voluptatem omnis. Ratione natus dolorem voluptate provident quia consectetur itaque. Quisquam dolores sed sit omnis. Dolorem sit qui facere. Dicta quam cum officiis sequi nesciunt inventore consequuntur. Repudiandae minima vitae maiores aut amet. Accusamus animi enim molestiae corporis. Hic est qui nihil illo et enim. Esse sit quaerat consectetur minus tenetur autem harum. Ipsa assumenda totam ut enim. Ratione at fugit veniam provident nihil. Quia voluptates ea ad voluptatem accusamus. Voluptates qui optio doloremque quos et amet reprehenderit. Ipsum deserunt expedita in unde aperiam eos. Sed amet reiciendis dolor. Eligendi iusto voluptatem quibusdam. Libero molestias et delectus error aperiam odio distinctio cum. Sed sint eaque id quod. Nam et sunt iusto quasi. Architecto magnam et non odit. Atque et consectetur enim est placeat nobis eaque. Neque non rerum laudantium expedita qui ipsam unde. Vel a rerum voluptatum ut eaque consequatur.',1,4,'2018-01-22 11:34:57','2018-01-22 11:34:57'),(6,'Libero dolor qui veniam autem cupiditate.','Similique architecto quod veniam. Amet qui laborum repellendus ratione. Eum cum rem dicta ea. Omnis hic distinctio vitae et. Aut molestiae voluptas dolor. Beatae itaque dolor porro aliquid. Et fugiat dolorem quidem autem natus eligendi eos dignissimos. Iste ea non distinctio nam in. Exercitationem cumque ratione repellat et placeat dolore voluptate perferendis. Nemo numquam consequatur repudiandae. Asperiores itaque et omnis repellendus. Ab quia dolor quia rerum est iusto soluta doloribus. Fugiat dolor vel cumque aliquam et nulla numquam. Et dolor sapiente sapiente cumque earum. Et atque et est fugiat voluptatem quis velit. Veritatis quos explicabo ut ut pariatur inventore similique in. Rem qui iusto rerum iste neque temporibus provident aperiam. Et ut voluptatibus consequatur esse consectetur veritatis. Aut cum sequi voluptas ea pariatur maiores veritatis. Perspiciatis voluptatem vitae saepe aut dicta sit. Dolores et illum dolorum eaque. Quia optio veniam aut numquam iure tempore. Fugiat quibusdam eveniet debitis et ipsum itaque. Dolor sed eaque a aliquid. Rerum necessitatibus libero est qui est ab autem sequi. Aut harum et velit perspiciatis officiis magnam consequatur. Ullam saepe ut nisi. Nam et voluptas repudiandae aut non sapiente minus. Temporibus perferendis sint numquam perferendis laudantium commodi excepturi voluptatum. Cumque ratione quam voluptate. Occaecati eius sint et soluta porro. Perspiciatis officia quidem exercitationem molestiae consectetur autem. Voluptas commodi tenetur est. Et aut eos aliquid optio explicabo itaque vero. Rerum sapiente fugiat aut possimus. Eum magni recusandae quo impedit. Ut saepe et unde corporis vero. Odit nihil debitis culpa placeat. Velit vel quo harum dolorum ipsam impedit expedita. Rerum veritatis ipsam deleniti laborum deserunt voluptas. Sequi et quos est quis dolorem et.',4,5,'2018-01-22 11:34:57','2018-01-22 11:34:57'),(7,'Rerum possimus culpa ut recusandae.','Doloremque saepe ut suscipit et. Quod voluptas optio quia pariatur ad. Ea quibusdam aut quod qui totam et perferendis aut. Et quis quis vitae esse. Consequuntur consectetur corrupti quasi voluptatem odit soluta minus. Molestias et veniam ducimus illum incidunt. Consequatur dolorem voluptatem mollitia itaque cumque. Et sunt animi qui quam autem labore et. Est vitae dignissimos dolor similique. Fugiat rerum quas dolores est et sed iusto impedit. Recusandae unde omnis sit id sunt aspernatur temporibus. Sint architecto animi eius quasi aut. Nobis ut explicabo neque non. Delectus quos expedita voluptatem libero et. Fugit doloribus molestiae id enim. Quasi sint facilis aut tenetur quod. Beatae eveniet reiciendis voluptates adipisci velit sunt. Qui ex assumenda vero voluptatibus rerum et. Quis laudantium adipisci ullam quo. Laborum a vitae ut et suscipit consequatur cum. Modi vel quo nihil placeat voluptatibus at. Facilis quos nihil dicta ut. Quia dolores veniam id dicta voluptatem. Aut blanditiis ut officiis temporibus commodi dolores provident aut. Dolores quibusdam nemo consequatur tempora. Blanditiis est sit porro quisquam doloribus aut illo. Voluptatibus qui repudiandae et eius quo. Omnis dignissimos mollitia quis ad ea vitae eum. Aspernatur tempora officia sunt iste iure. Animi qui eum officiis aut. Repudiandae eligendi autem accusantium est soluta. Est at odio blanditiis suscipit illum doloribus. Fugiat enim enim in porro dolor sed omnis nulla. Vel et minus perspiciatis. Aliquam ducimus velit veniam. Veritatis ab quo ex eligendi quia cumque. Aut adipisci voluptatem vitae saepe illo quam nesciunt. Est veritatis accusantium laborum doloremque. Aspernatur commodi debitis consequatur. Blanditiis modi modi et laborum. Sit itaque veritatis ducimus nostrum et cumque est. Consequatur aspernatur et sunt nesciunt debitis. Molestias qui amet magni voluptatem est est. Et aut rerum amet temporibus soluta. In consectetur sapiente molestiae incidunt exercitationem. Facilis et atque dignissimos quisquam qui incidunt ipsum. Ab facere voluptas nihil et rerum.',3,4,'2018-01-22 11:34:57','2018-01-22 11:34:57'),(8,'Amet quia a et dolorum voluptas.','Ut est alias debitis praesentium voluptate quaerat. Eum cum nihil quaerat quam assumenda illum quaerat. Vitae rem et consequuntur dolor minima laudantium. Quia repellendus nihil suscipit aspernatur odit corporis. Dolore dignissimos doloribus explicabo qui molestiae quasi. Molestias odit impedit quia odio aut fugit sed. Nobis blanditiis qui libero unde. Molestiae nihil omnis beatae quisquam. Veritatis dolores dolor a dolorem. Voluptatum eum voluptatem architecto. Omnis ipsa ullam sit atque. Minus sed non maxime et blanditiis consequatur. Labore qui quidem dolor in ut id quis. Ea et quaerat dignissimos nulla repudiandae et. Et ex debitis possimus ducimus qui repudiandae consequatur. Est earum est tempore consequatur veniam sapiente commodi. Neque quia dolor culpa maxime. Voluptas et voluptatem sed nobis aliquam cumque dolor. Earum et minima aut est culpa quia. Sequi neque explicabo quia dolor quas eos nemo. Nemo omnis distinctio unde quasi. Quos possimus iste est architecto est doloremque asperiores non. Aut perferendis dolor numquam omnis unde. Illum quas consequuntur et sunt et ut deleniti. Voluptatem dolore sit blanditiis cumque quibusdam. Odio aut delectus cum expedita odio et qui repellendus. Labore qui veritatis doloribus sed ea quos. Nisi qui dolore maxime dolorem voluptas inventore. Sapiente adipisci quas pariatur aliquam et et esse vel. Voluptate placeat qui molestiae eius velit maxime accusamus. Quas sed et sit quia ipsum quaerat. Provident maiores debitis impedit ducimus sit quam. Beatae minima aliquam omnis velit doloremque est consequatur. Autem et dolorem debitis autem temporibus saepe quo. Illo a tempore aut illo. Dolorem provident ea voluptatum enim deleniti laborum non eos. Quaerat accusantium reiciendis sed aut voluptatum. Ex fuga velit delectus aliquid autem pariatur consectetur.',3,1,'2018-01-22 11:34:57','2018-01-22 11:34:57'),(9,'Voluptas quo ut illum eligendi.','Quam harum ullam dicta ut. Ab recusandae dolores illum accusamus et et corporis error. Sit cum tempore mollitia in quia enim. Eos in aut minus. Doloremque sed dolor ut itaque consequuntur eveniet quo odio. Cupiditate accusantium non sit odio corrupti iure quibusdam. Sunt quia rerum et autem aperiam ut dolorem. Adipisci voluptate est ex assumenda accusamus. Rem repellendus iste minus eum atque non est. Corporis doloremque et aut. Assumenda culpa voluptatibus rerum vel. Eum ad fuga voluptatibus in dolor qui error aut. Aut optio et aut harum repellendus qui. Expedita ad molestias ipsam et. Consequatur sint nihil nemo. Voluptas nulla quia sequi sequi. Quis qui inventore animi earum suscipit fugiat excepturi. Est nobis autem tempora reiciendis at. Dolores exercitationem quae aut facilis vitae tempora architecto. Quia debitis quaerat iure sed officia. Modi voluptates tempore ut. Velit occaecati dolorem enim non qui. Dolor aliquid nihil ipsum qui deserunt sit. Ipsam et optio sequi minus ipsum. Et aut consequatur ut provident rerum. Quo et quis quo voluptas est. Quae magnam quidem est ut reiciendis ut qui voluptas. Voluptas odit beatae velit est sequi. Cumque voluptas enim ea nihil veritatis.',2,1,'2018-01-22 11:34:57','2018-01-22 11:34:57'),(10,'Voluptatem ea aut assumenda laudantium rerum.','Eaque voluptatum architecto eum cum maxime quasi. Eius et provident nihil culpa et sint. Id aperiam voluptatibus assumenda natus qui. Nihil esse facere omnis. Aspernatur odit eum voluptas illum dolor qui. Iure voluptates modi dicta et hic cumque officiis. Occaecati ipsam minima cumque rerum tempora. Reiciendis est voluptatem quia voluptatem et non aliquam. Enim cupiditate nemo facilis sed atque. Sed quia veniam perferendis ut excepturi. Et quidem sit cumque in harum voluptate placeat. In dolor porro aliquam ex nemo repellat. Sit quia rerum sapiente voluptate. Fuga velit perspiciatis laborum optio. Eos earum ut et aperiam. Accusantium voluptatibus maxime ipsa et dicta. Quas quo aliquid atque facere sint totam qui. Minus impedit quia amet expedita. Deserunt suscipit quas eos aut voluptas ut. Qui ut iusto ut. Dicta omnis sed et vel quo nihil nihil. Provident commodi dolores hic esse aut qui. Voluptatem et commodi ullam voluptas. Dolores quis quidem voluptatum perferendis facere ducimus laudantium repellendus. Sit molestias corporis repellat nihil iusto fugiat dolorum. Vel aperiam minima quidem quas assumenda praesentium. Voluptatem non optio repellendus est sunt. Nemo laudantium pariatur sed repellat omnis cupiditate praesentium. Numquam harum est ipsam earum non fugiat. Voluptatem accusamus esse voluptas libero. Eveniet similique nesciunt autem voluptas repudiandae. Iusto id id sequi velit id. Iusto voluptatem sunt possimus quo qui dolorem veniam iste. Et animi nulla repudiandae. Iure sint sunt officia quod ut dolor porro. Recusandae iste fuga voluptas ipsa laboriosam a. Autem totam deleniti illo sint. Temporibus sit fuga soluta aut. Ullam eveniet tempora quo voluptatibus voluptas voluptatem et nisi. Deleniti culpa incidunt doloremque repudiandae mollitia corporis.',5,4,'2018-01-22 11:34:57','2018-01-22 11:34:57'),(11,'Libero rem sit cum illo et.','Repudiandae dolore qui quos aliquid et vitae. Voluptatem voluptas veniam ea vitae. Minima commodi quidem maxime consequuntur. Voluptatem delectus tempora reiciendis suscipit nisi eos in alias. Aut praesentium animi quasi sunt sed mollitia. Praesentium ex et cupiditate velit eius. Dolore ea facilis voluptatem veritatis voluptate repellat. Iusto sit porro doloremque. Asperiores debitis vel eum a quia voluptatem. Consequatur omnis atque in provident tenetur est necessitatibus. Corporis cumque accusantium maiores ut corrupti. Porro ut voluptatem necessitatibus id tempora. At eaque non natus perferendis repellendus quia et. Non ratione blanditiis dicta temporibus magnam. Cum numquam hic non sunt deleniti voluptatibus. Eveniet deleniti sint hic eos. Officia pariatur qui quasi officia facere libero. Et recusandae placeat voluptate minus. Repudiandae dolor et ratione qui. Deleniti impedit magni architecto molestiae ducimus facere. Numquam quis totam molestiae distinctio hic. Doloremque voluptatibus et ut vero non harum perferendis repellat. Libero at magnam velit deleniti ipsam asperiores. Sunt quis corporis animi excepturi. Cumque ad consequatur nam consectetur dolorem. Esse maiores corporis exercitationem voluptatum est magnam qui. Iusto voluptas expedita rem quod. Facere aut quia doloribus. Optio architecto numquam eaque dolores culpa sed. Repellendus qui quas id maxime iste. Incidunt in sint veritatis eos. Eius asperiores perspiciatis consequatur numquam. Omnis eum accusamus qui placeat. Expedita maiores aspernatur eaque dolorem ut sed quod. Totam sit nihil corporis sed. Similique voluptatem consequuntur aut deserunt. Rem ut consequatur deserunt id.',2,2,'2018-01-22 11:34:57','2018-01-22 11:34:57'),(12,'Voluptatibus et quia expedita fugiat quaerat cum tenetur.','Repellat ipsam aut velit aut quaerat recusandae. Labore rem repellat sit optio repellat in ut. Nulla repellat quasi ut qui. Nihil repellendus facilis voluptatem est. Velit quasi nihil error recusandae itaque sed tenetur. Sint in suscipit eum molestias quibusdam et voluptas. Et molestiae deleniti quia. Illo tempora quidem perspiciatis suscipit. Reprehenderit aut voluptas amet quas earum et et esse. Sequi dolorem veniam sit nulla quia commodi aut perferendis. Doloremque assumenda consectetur ad voluptates eos architecto. Quo consequatur voluptatem quasi aut nulla ducimus enim laudantium. Dolorem veniam sint voluptas sunt nihil quibusdam voluptatum dignissimos. Quia vitae sint illo explicabo repellat consequatur. Blanditiis doloremque voluptas dolor enim aut molestiae temporibus. Aut quis totam quia dolores. Sit magni exercitationem nemo eius aut. Error cumque fugiat nisi eaque. Aut veniam reiciendis dolore facere ex consequatur illum. Aliquid in magni eveniet velit doloribus. Vero voluptatem corporis libero dicta quam autem. Quis aspernatur sapiente totam et possimus sint in accusamus. Repellat quisquam sed aut qui perspiciatis autem quidem libero. Aut numquam et laudantium sunt sunt nobis. Ea impedit aut possimus est. Non dolores rerum consectetur aut similique et. Consectetur consequatur facilis corrupti dignissimos quibusdam. Voluptas dolor reiciendis in est. Voluptate consectetur possimus omnis reprehenderit. Reiciendis est qui rerum amet voluptates. Qui possimus nemo nesciunt sapiente quia sed est. Eius dolorum necessitatibus mollitia cupiditate. At fugiat inventore deserunt. Dolorem blanditiis minima quia nulla placeat voluptas itaque. Officiis iste doloremque unde et autem velit aut. Ipsum velit maxime unde nulla. Beatae nobis expedita fugiat mollitia minus aut unde. Fugiat dignissimos beatae nihil fugiat architecto tempore. Soluta nobis similique vel praesentium laborum. Aut et officia est omnis doloribus aperiam. Adipisci sit qui minus dolores ullam necessitatibus. Omnis culpa eveniet est voluptatem incidunt delectus.',2,4,'2018-01-22 11:34:57','2018-01-22 11:34:57'),(13,'Magni consectetur aut quia nesciunt voluptatum est natus.','Est iste aperiam non culpa ut nulla odio. Quisquam maxime quis nostrum itaque adipisci. Exercitationem rem et distinctio unde voluptas ea corrupti. Illum eaque soluta eius. Modi tempore iste laudantium aut fuga nobis enim. Veniam magni architecto blanditiis qui id culpa incidunt. Ipsam commodi asperiores deleniti omnis et deleniti. Accusantium debitis ipsa aliquam eum. Reiciendis sapiente explicabo et voluptatem optio ea consequuntur. Quasi dolores beatae rem tenetur molestias. Pariatur ipsum consectetur qui earum. Ut velit dignissimos itaque est iste aut omnis. Eaque dolor nihil excepturi recusandae. Accusantium quo maxime architecto. Sed neque dolore rerum eligendi dignissimos eum quis. Sint recusandae expedita ipsam soluta ea. Impedit modi asperiores dolores blanditiis sed et eligendi. Et explicabo possimus qui molestiae totam mollitia est animi. Error atque quaerat perspiciatis rerum et. Tenetur numquam praesentium consectetur voluptate sed. Beatae quo facilis fugit nostrum optio. Id molestiae nihil reprehenderit quae aspernatur eos voluptates. Ipsa soluta nihil amet soluta laudantium in harum et. Non dolorem nemo et modi minima qui sit. Aspernatur sunt non enim excepturi autem. Et facilis eos numquam animi ut magnam.',3,2,'2018-01-22 11:34:57','2018-01-22 11:34:57'),(14,'Sit placeat distinctio at reprehenderit quasi voluptatem ad deserunt.','Quaerat voluptatem et tenetur sit ratione tenetur ex. Eos sunt ipsa corporis nulla. Asperiores voluptatibus numquam cumque iste. Earum minus amet commodi magni amet et. Quos iste in occaecati mollitia et quasi. Earum nulla doloremque mollitia ratione. Id debitis rerum officiis voluptatem blanditiis natus aut. Maiores esse est unde error voluptates in. Accusamus eum deleniti voluptatem et et eius commodi. Nostrum et voluptates dolorum quasi recusandae sint sed. Quas dignissimos delectus adipisci tempora molestiae. Inventore ut at repellat. Laudantium quia minima praesentium nesciunt. Enim perspiciatis neque omnis earum. Molestias culpa nisi qui voluptatibus est. Ut ipsum nostrum vel dicta. Aliquid ut enim commodi beatae consequatur aliquam. Voluptatem et cumque ut. Harum enim officia vero voluptatem. Accusantium non aspernatur quaerat architecto est rem. Hic voluptas ratione laudantium. Accusamus sunt ullam rerum at ea. Et dolores perferendis adipisci explicabo ut atque iusto. Illo omnis quam minima reprehenderit sint aperiam. Possimus harum odit ut consequatur. Et expedita quam modi deleniti voluptatem. Eveniet inventore eum sint aut ipsum optio eum. Repudiandae aperiam assumenda animi ea. Porro aut vitae asperiores quidem est et. Laborum aut aperiam modi doloribus ut non architecto nam. Deserunt cum molestiae et recusandae et quisquam error. Quis omnis et magni qui qui. Accusantium est non aut eveniet error maiores quasi mollitia. Sapiente minus quibusdam ipsa tenetur mollitia. Sed officiis autem maxime rerum tempore. Et voluptas corporis sapiente reprehenderit sunt at sed sed. Placeat dolores ex non incidunt necessitatibus animi autem saepe.',1,1,'2018-01-22 11:34:57','2018-01-22 11:34:57'),(15,'Ratione tempore deserunt consectetur at.','Mollitia illum rerum laboriosam fuga. Neque et rem tempora eos fuga nostrum asperiores ut. Dolor neque excepturi neque optio ratione cupiditate dolor. Laboriosam enim reiciendis et. Eos quo et provident veritatis. Occaecati atque ut nostrum deserunt esse sint atque earum. Qui ipsam iste sit labore ipsum vitae. Ut laboriosam eaque qui ad eos. Ullam placeat sapiente voluptatum omnis quia. Adipisci ab et mollitia qui. Beatae atque molestias libero molestiae vel hic. Dolor deserunt est asperiores tempora modi. Vitae aut vel harum alias ex omnis. Qui illum itaque sint sunt. Doloremque sed voluptas hic similique fuga quam. Quaerat magnam enim tempore molestiae dolore nisi dolorem. Reiciendis aut dolorum tempore. Repellat quis illum quia sunt autem et. Ab et similique sit eos. Autem blanditiis et assumenda qui. Quis cum dicta doloremque quia at cumque. Est voluptatem sint vel voluptate et. Ut debitis aut asperiores enim quasi blanditiis. Error eaque molestiae culpa enim modi aut. Dicta adipisci et iure atque eligendi aperiam. Facere est et nihil consequuntur.',2,5,'2018-01-22 11:34:57','2018-01-22 11:34:57'),(16,'Vel et repellat exercitationem et voluptate quos.','Voluptates aperiam dolor repudiandae eligendi quaerat est. Fuga nulla excepturi est natus ex veniam. Adipisci et perferendis minima officiis. Similique aperiam ipsam totam veniam et dolores. Non esse a cum rerum ut pariatur. Illum sed tenetur ex. Veritatis iure quia ex et veritatis in. Earum asperiores dolores blanditiis omnis occaecati. Neque omnis rem omnis quia neque. Quia corrupti ullam consequatur odit. A unde ut minima et ea eaque. Odio excepturi vel animi sed. Placeat est et et aliquid fuga aut animi. Accusantium quibusdam voluptatum consectetur. Rerum maxime voluptas ipsa sint. Fugiat et voluptatum consectetur quia rem voluptatem vero. Ratione eius velit quae aut. Ut ut dolores est autem possimus voluptas nesciunt. Cum alias soluta nam officia qui. Quia explicabo alias et eos dicta magni animi. Excepturi laudantium quaerat et qui neque ut eos tempora. Vel quia laudantium eum totam molestiae omnis. Architecto inventore qui repellendus. Vitae est facilis minima porro. Id quos sit fugiat cum pariatur quis. Ut animi veritatis eius id blanditiis. Enim numquam repellat odit dolorum. Accusamus sapiente quis omnis deleniti et debitis rerum. Odit ex nulla adipisci. Delectus atque aperiam alias quisquam. Iusto nihil eos blanditiis eum eos quo explicabo. Sint omnis laborum qui. Quae sapiente explicabo vel ad. Consequuntur ratione dolores est. Est quia dignissimos et qui. Totam quas asperiores blanditiis tempore.',5,4,'2018-01-22 11:34:57','2018-01-22 11:34:57'),(17,'Sint magnam porro qui rerum.','Exercitationem nulla quia quia voluptas et magnam nulla. Eum sunt sint omnis deserunt quam eos dolores beatae. Dicta excepturi quia est hic. Porro et perferendis ut. Velit minus eius harum fugit laborum ipsam quidem. Unde aut consequatur nobis sint. Rem qui dolore aut sed. At ipsum sunt ut eum quo qui sequi. A voluptatem facilis vel voluptas. Sit id distinctio perferendis rem exercitationem atque dolorem. Laudantium libero sed eveniet est eligendi aut aliquam. Eaque quia ad laboriosam voluptas tempora. Magnam quisquam minus qui voluptatibus nam dolores. Qui natus quos culpa. Et omnis ut magni quibusdam. Eius itaque blanditiis aut. Quia praesentium excepturi consequuntur expedita. Voluptas id consequuntur necessitatibus distinctio. Voluptatem voluptatem voluptatibus dolores tempore. Et recusandae cumque dolor debitis et. Excepturi vitae unde recusandae distinctio. Qui quod facere consequatur sequi sapiente. Accusamus laboriosam repellendus dolorem impedit ut et nam. Sed ullam ut magnam. Et quos nemo voluptatem sit laboriosam dignissimos provident. Ab et est qui sunt. Repellat quas omnis pariatur expedita commodi. Qui vel mollitia modi iusto eius voluptas. Voluptatem deleniti repellat officiis nobis eligendi quod. Cum deserunt aut quis exercitationem sint iste et. Consequatur quis asperiores deleniti qui. Deleniti voluptas aut voluptas laborum aliquid maxime et. Facilis dignissimos quaerat nemo aspernatur odit. Culpa inventore reprehenderit in dolores placeat sit enim sit. Explicabo non vel voluptatem fugiat ullam. Facere quisquam eius quia et nihil autem. Earum vel et explicabo eaque aliquam sint reprehenderit. Mollitia sapiente deleniti sunt ad placeat. Consectetur necessitatibus nostrum ut perspiciatis officiis sequi earum. Illum suscipit temporibus expedita assumenda et nam. Aut quae qui corrupti earum. Vitae et eveniet eos. Eligendi dolorem facilis impedit quis.',3,1,'2018-01-22 11:34:57','2018-01-22 11:34:57'),(18,'Sint vel quis repudiandae qui consequatur deserunt at.','Maiores aut quia temporibus at labore in commodi. Repellendus laboriosam velit eum est. Quam fugit in veritatis veritatis. Placeat et beatae aut voluptatum et. Nihil sint voluptatem quos neque debitis dolorem laboriosam. Dolore nisi ipsum repudiandae officiis. Ipsa officia accusamus quas vero distinctio nemo cum. Et sapiente veniam dicta velit commodi. Est est ullam explicabo repellat nisi. Dolor nostrum et officiis consequatur similique sapiente sit autem. Est qui necessitatibus doloribus minus et et. Molestiae adipisci alias excepturi voluptates aut explicabo. Ipsum sit velit labore et aut ut. Ea autem ullam quidem molestiae. Possimus architecto deserunt amet quibusdam. Facilis et et corporis sed consequatur voluptas. Fugiat nihil saepe laboriosam repudiandae labore sit asperiores est. Non ipsa incidunt consequatur libero sed eos. Ut nostrum libero ullam iusto et praesentium dolores. Sed eligendi sunt impedit veniam totam voluptates. Beatae enim omnis quidem exercitationem perferendis. Consectetur ad accusantium iusto est sit. Ut sint rerum quia placeat. Perspiciatis excepturi cupiditate enim. Eum nemo quidem eius reprehenderit voluptatem. Consequatur necessitatibus qui dolor ducimus facilis. Voluptas et et fugit sequi. Ut et eligendi officia ipsum.',5,3,'2018-01-22 11:34:57','2018-01-22 11:34:57'),(19,'Esse qui ut consequuntur quaerat eligendi.','Sit officiis quidem voluptatem molestiae officiis earum expedita et. Dolorem incidunt voluptatem et sit quia mollitia voluptatem. Id possimus est repellat sit eos. Ullam et veniam delectus et sed. Harum ducimus at vitae animi quos. Rem accusamus cupiditate ut voluptatibus corrupti sed. Voluptas omnis dolores fugit repudiandae voluptas. Non sit cumque sunt officiis. Sapiente ratione quia enim. Et quam eaque quis assumenda qui eligendi hic fugiat. Vero maiores molestiae aut. Voluptatibus qui quo a impedit consequuntur. Culpa ut occaecati odit sequi sunt voluptate voluptate. Cupiditate atque odit architecto omnis voluptatem. Expedita itaque temporibus quo sit. Nam omnis sit quis molestiae quia nostrum doloribus. Sed asperiores harum vel iusto. Quam nulla nulla qui qui fuga. Nihil cumque qui repellendus. Dicta neque qui aut aut quia distinctio et inventore. Dolor nihil at laudantium dolores. Molestiae praesentium ratione animi dolorum perferendis qui. Necessitatibus rem et quos aliquam quia sapiente qui. Non eveniet officia itaque repellat. Odio non vero commodi ipsam est dolorem enim. Placeat doloribus delectus dolorem culpa cupiditate ullam sint. Quia rerum fuga magni sequi asperiores impedit rerum. Aliquam quos maiores nulla saepe voluptas incidunt. Vitae dolor molestiae similique maiores ea laudantium quia architecto. Rerum facere labore et aut sint et. Unde et non perspiciatis placeat dolores soluta et. Exercitationem hic esse omnis magnam perspiciatis unde quia. Commodi neque natus enim. Excepturi commodi in dolore nostrum aliquid et magni. Voluptatum qui libero at labore voluptatum vel.',2,5,'2018-01-22 11:34:57','2018-01-22 11:34:57'),(20,'Nihil nihil architecto quae officia.','Cupiditate repudiandae et vero laboriosam. Sit voluptatibus praesentium perferendis. Saepe vitae quasi deserunt nesciunt quia modi voluptatem deleniti. Id consequatur in id doloremque dolorem placeat eius. Quo iure fuga illum nam expedita aut. Nemo veniam explicabo recusandae rem voluptatem a. Quasi eius magnam excepturi et. Porro aut architecto quis ab possimus voluptas. Numquam illo et sunt minima dignissimos minima. Sint dolores blanditiis qui consequuntur. Eos at expedita earum omnis. Architecto cum laboriosam incidunt consequatur veniam. Tempore possimus autem iusto voluptatem. Dolores eum hic enim labore. Harum et placeat voluptas asperiores dignissimos. Voluptate cum dolor voluptatibus temporibus ea provident. Eaque aut aut ut mollitia doloribus consequatur voluptas asperiores. Non temporibus atque reiciendis praesentium omnis. Debitis in deleniti explicabo nemo nulla adipisci dolorum. Molestiae exercitationem blanditiis qui tempore sit quidem iusto. Modi est possimus rerum quam corrupti. Velit est aut quibusdam dolorum omnis. Cum ut vero quia enim a sint molestiae. Quis eum iure nulla ut. Mollitia perspiciatis est voluptas sit quia. Voluptas molestias autem consequuntur quia itaque. Aperiam praesentium ut facilis consequuntur mollitia. Numquam accusantium est reprehenderit maiores illum perferendis quos. Explicabo nostrum nihil blanditiis cumque qui illum. Odit praesentium provident itaque quasi sunt quis sint rerum. Nam possimus distinctio ex sit ut. Maxime tempore explicabo ducimus id.',1,3,'2018-01-22 11:34:57','2018-01-22 11:34:57'),(21,'Dolores minima ipsam facilis dolorem sequi debitis ab.','Aut quaerat dolores numquam. Non dignissimos saepe blanditiis est culpa culpa ut. Quasi molestiae in a totam enim. Inventore dolorem similique voluptates expedita. Pariatur commodi et laboriosam aut est numquam. Provident est corporis in et aliquam explicabo alias. Pariatur rerum voluptas quia. Vero vitae id eum sit. Totam est dicta quia voluptas minus. Itaque minima fuga natus dicta necessitatibus eius ipsa magni. Voluptatem sit pariatur libero numquam eos dolorem tenetur. Dignissimos et ut architecto molestiae. Alias sit vitae nihil perferendis harum excepturi. Sapiente eum vitae debitis suscipit quia est. Minus est aut voluptatem id delectus. Nesciunt adipisci et qui in. Fugiat corporis facere sint pariatur. Qui et incidunt omnis non numquam est animi. Veniam aut tempora dicta et occaecati ullam. Sed nisi velit voluptas nihil in placeat. Quos dignissimos eum voluptatibus at voluptatem. Hic sed est aut maiores. At repellat in aut non totam. Ipsa molestiae et commodi omnis qui beatae. Eveniet voluptatem error dicta et. Odit natus porro assumenda quia iure. Id ipsa ea enim. Et facere ratione sit reprehenderit totam dolorum aut. Voluptatem quasi culpa veniam illo reprehenderit neque est sed. Aut voluptas quia quibusdam rerum voluptatem nobis nesciunt. Recusandae asperiores itaque quia quam quod repellendus est beatae. Nam ut et recusandae fugit dignissimos. Sint ex non optio molestiae quas nulla voluptatem. Quasi sunt et vero est eaque distinctio facilis. Beatae voluptates doloremque ab impedit porro voluptatem. Provident amet autem molestias assumenda incidunt deserunt laboriosam facilis. Occaecati sit nihil molestiae quaerat quod.',1,2,'2018-01-22 11:34:57','2018-01-22 11:34:57'),(22,'Eaque et sed non voluptatem quisquam aut.','Doloribus aspernatur fugit sed deserunt. Sunt animi aliquid esse culpa. Temporibus laboriosam ipsa nemo autem accusantium voluptate voluptate. Non dolores autem explicabo tenetur tempore. Minima vitae voluptatem dignissimos rem consequatur repellat ut voluptatibus. Iure minima quia minus doloribus voluptas facere inventore sed. Amet voluptatibus qui placeat et vel nesciunt. Accusamus illum mollitia facilis sunt exercitationem reiciendis. Nobis quis eum consequatur velit est enim. Non enim dolorem quia ullam. Alias voluptatem nihil dignissimos aspernatur delectus. Ex sunt tenetur distinctio dolor esse non. Nulla sint quibusdam non eaque ut pariatur. Et aut aspernatur adipisci accusantium qui. Error est similique iste corporis neque eveniet non. Et veniam est sint quae corporis eos enim. Qui architecto nobis et. Ab ea eos vitae animi repellendus quis cum. Voluptas qui aut dicta alias non. Laudantium laudantium dolor quasi quas perspiciatis odio nihil perspiciatis. Autem alias vel sunt voluptas quo soluta. Dignissimos sequi veniam harum eos quas et. Nostrum sint eos ab nam. Voluptatem architecto fugiat odio. Pariatur iure aut veniam laborum. Quisquam a qui expedita quod consequatur quis exercitationem. Iure voluptatem eligendi vitae magni eligendi qui veniam earum. Eum omnis maxime optio qui delectus dolore temporibus. Adipisci sint mollitia vel iusto nisi quod ullam. Rerum quam sequi deserunt consectetur est deserunt. Ipsa quis quod modi fuga aut. Voluptatibus consequatur provident dolorem aliquam. Qui quo earum nemo voluptatem. Tenetur repellat dolore quo quasi. Quia voluptatem eligendi possimus culpa illum optio nam.',3,3,'2018-01-22 11:34:57','2018-01-22 11:34:57'),(23,'Omnis repellat nulla qui accusamus dolorum aliquam nulla.','Similique vitae placeat minima perferendis. Aut dolor fugit in excepturi qui. Incidunt modi occaecati a eaque debitis quas. Reiciendis molestiae ipsum qui dolorem quo excepturi omnis. Illum ipsam alias aspernatur. Molestiae dolores rem id sunt eaque modi veniam. Et omnis fuga sapiente facere omnis quis occaecati officiis. Porro quibusdam molestiae laborum at excepturi. Temporibus voluptas porro amet et ex adipisci vel. Dolor repellendus et voluptatem magni consequuntur quam at. Odio alias voluptatem incidunt explicabo nam aliquid. Rerum quia commodi excepturi ipsum ex ut. Quia ad voluptas itaque ipsa dolorem. Nihil esse est perferendis. Repellendus quos consequuntur voluptas ut. Dolores excepturi et incidunt corporis. Magni et qui velit incidunt ea facilis in. Laudantium sed voluptatum consequatur doloribus provident optio tempore. Et pariatur suscipit expedita ratione voluptas. Blanditiis maiores amet et numquam. Nesciunt sunt placeat modi enim repudiandae. Provident blanditiis quia temporibus molestias animi odio quod ducimus. Rerum voluptate facere quae ea corporis nobis. Dolor omnis odit porro pariatur magni et. Numquam doloribus possimus ab cumque rerum cumque soluta. Iusto hic nihil id nobis a. Quo molestiae doloremque animi corrupti dolore totam recusandae. Accusamus accusantium dolores quod explicabo. Id enim et temporibus quo qui voluptatum corporis. Beatae corporis nobis eligendi excepturi. Quia blanditiis ea neque quas quae tempora. Et eaque architecto rerum asperiores velit nam id. Nesciunt consectetur maiores repudiandae sint sequi. Sit veniam accusantium consectetur rerum. Odit totam laudantium ut autem laboriosam incidunt ut. Natus atque voluptas sit odit itaque soluta. Libero reprehenderit optio aliquid aut veritatis. Dolores suscipit ipsa eveniet officiis occaecati molestiae animi. Consectetur fugit rerum modi eum id qui. Laboriosam vel quod saepe autem similique. Nihil labore aut non corporis totam. Quo quam ut sed non et voluptas. Qui minima dolorem similique ut earum quae repellat eligendi. Officia quod ipsam voluptatem rerum assumenda iste. Inventore expedita aspernatur dignissimos ad aut quibusdam velit. Nemo aliquid velit ut et molestiae commodi enim.',3,3,'2018-01-22 11:34:57','2018-01-22 11:34:57'),(24,'Velit tenetur quaerat maiores totam iste.','Sapiente aut velit non dolore numquam. Nihil eligendi repellat recusandae eos. Aut dolor beatae eius itaque illo. Qui dicta vero facere voluptatem asperiores vel. Dolorum impedit occaecati sunt quis reiciendis dolorem alias. Nemo non quia beatae consequatur nam. Ducimus est sint laboriosam consectetur. Et similique culpa aperiam aut animi expedita aperiam. Sunt nesciunt vitae odio cupiditate dolorum aut. Numquam distinctio impedit molestiae. Aut aut nisi et. Rem quibusdam rerum placeat blanditiis perferendis. Qui est nobis sed. Dignissimos quae ut dolores voluptas harum minus. Eos nihil sed consectetur eos modi rem nemo. Iure consequatur sed nulla nam. At totam perspiciatis saepe debitis. Doloremque id omnis eos saepe voluptas. Sit autem quo facere facilis hic dolorum dolor. Repudiandae expedita vel dolorum ipsa. Magni eaque quaerat ut numquam qui consequatur aliquam. Et voluptas autem quisquam hic. Beatae labore quasi illum perspiciatis tenetur odit sed. Nobis ad ad eius non reprehenderit ut. Cupiditate et unde quia enim dolor numquam. Magnam incidunt similique repellendus quas. Est quos est quaerat voluptatem vel excepturi. Vero ipsam vero esse eum. Facere dolorem dolores eos.',2,2,'2018-01-22 11:34:57','2018-01-22 11:34:57'),(25,'Ut est magni ea qui eos accusantium dicta.','Dolor sunt quasi et dolores aut qui. Ut a impedit eos temporibus praesentium cum qui. Fugit magni qui vero harum consequatur nihil. Ratione architecto voluptatem dolorem sit dolor itaque. Quam quia nemo autem corrupti cumque facere est. Vitae et esse dolores qui atque nulla vel dolorem. Animi voluptatibus sit qui quam pariatur dolor nisi. Laudantium architecto nisi aut aliquid neque. Pariatur ullam praesentium excepturi odio vel. Laudantium tempore autem doloribus ab est. Sint aut doloremque neque. Sed magni aut repudiandae voluptatibus. Et eveniet ab dolores voluptatibus consequatur non reiciendis repudiandae. Aut earum recusandae aut quia ipsum dolorem aliquid est. Velit mollitia quis amet ut nihil ut tempora. Saepe facere amet nihil autem labore soluta minima ut. Sit veniam nulla officiis omnis quis perspiciatis. Hic necessitatibus fugiat maiores similique. Esse maxime omnis consequatur quia. Nesciunt et eius eaque dolore sunt et. Sunt sint et quaerat non ab. Sint velit blanditiis qui nobis repellat modi rerum. Eligendi aperiam et sequi ad magni reprehenderit sit inventore. Hic incidunt beatae a hic. Error harum eos non sed suscipit sapiente voluptatem maiores. Ab velit quibusdam et nostrum dicta quo est. Odio molestias et praesentium. Ea est fugiat est nobis illo aut. Ducimus veritatis officia consequuntur est harum dicta laboriosam.',1,3,'2018-01-22 11:34:57','2018-01-22 11:34:57'),(26,'Et recusandae sed unde vero quia.','Nesciunt et sit a qui corporis eum quaerat. Nemo qui et dolore veniam veritatis. Harum aut dolorum sint quidem quis. Perferendis veniam dignissimos natus occaecati. Molestiae rerum sunt iusto minus. Neque consequuntur aspernatur ex vel provident. Sequi vitae rerum consectetur inventore perspiciatis dolorem rerum. Sed placeat tenetur accusamus. Aliquid quidem commodi adipisci unde accusantium. Et veritatis vitae dolore sit tempore. Culpa ut aut sunt incidunt officiis omnis est. Dolore hic quas fugiat exercitationem. Sit placeat dolor natus adipisci inventore ut rerum quas. Ea similique magnam ipsa veniam blanditiis quia. In sit adipisci itaque maxime. Corrupti repellendus exercitationem quia quae omnis praesentium aut. Molestiae ut quia consequatur ipsa rerum. Deleniti minus ducimus hic magni. Quidem doloremque et laboriosam. Voluptates dolores sapiente velit. Voluptas rerum dolorum voluptas eligendi. Ipsa qui saepe quo consequatur voluptatem rerum. Sed enim in ut exercitationem. Magni odit nemo omnis molestiae deleniti illo aut.',4,5,'2018-01-22 11:34:57','2018-01-22 11:34:57'),(27,'Autem aliquid enim natus non iste nam impedit porro.','Ullam veritatis tempore quo voluptate veniam. Incidunt non harum corporis dolorem maxime voluptatem. Ipsa ut minima repudiandae ad explicabo. Recusandae nihil nihil fugiat ex sed aut et. Cumque nihil cumque sint consequatur. Ab voluptas enim pariatur et et. Expedita dolorem quo pariatur autem. Voluptate veniam quam id beatae. Inventore vel est est occaecati voluptate aut voluptas. Explicabo qui laboriosam sapiente id. Est fugit enim possimus nesciunt earum aut. Id culpa esse voluptatem animi rerum aliquam. Non et et amet quia. Et nihil quos error quaerat voluptatibus. Eum natus ab tempore. Commodi in sit iusto tempore quae et quo. Est odit modi error quaerat. Rerum temporibus dolor ut vel voluptatem neque voluptas eveniet. Excepturi non molestiae totam explicabo sit esse consequatur. Totam dolor perferendis omnis. Possimus eveniet mollitia cumque quo harum porro assumenda. Maiores non non ipsum consequatur. Occaecati corrupti ut rerum iure. Sed in optio et id voluptatem voluptatum quas ut. Est quam architecto repudiandae rem assumenda voluptas aspernatur. Veritatis velit placeat placeat sapiente. Sunt et id sit. Ipsa doloremque rerum corrupti aspernatur. In maxime facilis sapiente qui. Optio et exercitationem quis officia et quo repudiandae. Est quaerat dolorem quia veniam et facere nihil dignissimos. Eligendi quisquam doloremque dolorum alias.',2,2,'2018-01-22 11:34:57','2018-01-22 11:34:57'),(28,'Sint sunt iusto laboriosam deleniti.','Assumenda sunt tenetur quis. Non quia qui accusamus ut consequatur est. Occaecati sequi non quo voluptas qui sapiente quis optio. Culpa et earum rerum voluptas placeat. Molestias corporis earum ea officia. Quae vel architecto sequi quos ipsa. Natus eum ea nisi cumque saepe adipisci rerum. Accusamus corporis quo quos ea. Nobis temporibus fugit laboriosam et est quis sed occaecati. Ut qui aut voluptatem molestiae perspiciatis. Quisquam cum nisi veniam modi aut. Fugiat ut sint delectus dolorem minus. Dicta minus omnis delectus quas dolorum et voluptates ut. Dolores enim dolore quidem ut. Nam molestias similique impedit. Eius qui a ea. Voluptatem et ut est accusamus facere. Error tempora in officiis consequatur. Voluptatibus debitis quia sapiente odio dolore ut repellendus. Nesciunt fuga labore itaque quo repellat voluptatem ad. Error dolores eius sapiente molestias omnis quo. Qui repellat sunt ex doloribus illum in. Consequatur ab ipsa pariatur pariatur atque ab cumque. Et animi vitae sed tenetur suscipit. Natus cumque a minima. Iste et voluptatem vel adipisci voluptatem. Laborum harum necessitatibus ut molestias distinctio dolor. Sed sed totam ea quas nulla. Aut aut et dolores corporis praesentium. Et qui facere ea vero. Labore cumque autem eligendi sed rerum. Vitae officia placeat sint dolorem consectetur qui cupiditate. Et et explicabo non et reprehenderit. Aut enim eum non nihil excepturi suscipit voluptatem. Animi iste qui iure et. Accusamus autem a vel omnis. Quaerat ipsam nulla reprehenderit mollitia. Commodi dignissimos ea fugiat nulla omnis est. Sint eius et omnis et possimus. Rerum aliquid ipsa qui inventore. Quae natus consequatur enim. Ipsa saepe cumque alias nihil dolorum exercitationem ullam. Ut voluptate doloremque dolores. Provident iure tempora magni ut in quam. Distinctio perferendis incidunt minus labore autem asperiores architecto. Dolores voluptas eos porro voluptatem.',5,3,'2018-01-22 11:34:57','2018-01-22 11:34:57'),(29,'Earum veritatis reprehenderit animi sapiente accusantium sequi labore.','Nisi aspernatur est qui perferendis. Quia laudantium optio ea quia quo voluptas. Qui tempora facilis earum laudantium placeat. Debitis et enim sequi fugit. Vel nam vel veniam aliquam eligendi. Tempora in enim soluta nihil sunt. Voluptatem architecto ipsa non harum illo laboriosam a. Et in ipsum error voluptas eligendi numquam et exercitationem. Eos explicabo omnis ad tenetur eaque cumque earum ex. Quo et sunt eius ipsam. Incidunt eum ipsam deserunt ut ea blanditiis nobis non. Est deleniti aliquam vel dicta nobis iste. Voluptates placeat corporis eaque suscipit officiis et. Doloremque labore occaecati nostrum consectetur voluptatem tenetur. Et quod esse soluta commodi. Et nemo aspernatur tempore minima voluptate et illo. Quia itaque aut dignissimos voluptatum blanditiis rerum ut. Veniam rem et esse exercitationem. Sint sit quibusdam totam odio natus ad dolorem. Dolores laboriosam corrupti quia blanditiis ut modi. Aliquid numquam et repudiandae maxime. Velit repellat similique illum quam id. Nihil cupiditate et earum voluptas. Et autem possimus sed molestias quasi nulla quam. Consequuntur animi molestiae qui quia dolorem tempora.',3,3,'2018-01-22 11:34:57','2018-01-22 11:34:57'),(30,'Dignissimos itaque iusto quisquam cupiditate eos et.','Neque cumque porro nesciunt sit fugiat. Nemo quis perferendis id enim libero in error. Ipsam quod et soluta aut delectus et ea. Ea vel praesentium adipisci consequatur nostrum. Tenetur est quasi qui laudantium praesentium. Commodi adipisci est voluptatem earum et occaecati facere. Aut ea est quia ut ratione et. Culpa id id qui nihil. Voluptatibus omnis ab architecto aut ad deserunt aut pariatur. Officia voluptatem accusamus magni. Nemo aut dolores aut labore. Enim nihil perspiciatis ex saepe sint omnis. Voluptatum quam dicta molestiae enim iure fugit deserunt. Voluptas illum quo aspernatur sed suscipit sequi eos. Aut adipisci laborum quia. Excepturi qui ipsam aut consequatur qui tempore. Nulla qui eligendi molestiae ipsum recusandae illo. Cumque velit adipisci voluptatem eaque. Reprehenderit voluptates quis molestiae omnis in tempora. Eum excepturi amet autem autem dignissimos voluptates. Minus est facilis voluptas omnis sed in ratione enim. Porro consequatur ab ea voluptas. Voluptates enim esse non debitis. Quam molestiae voluptatem cum aspernatur eum quidem deserunt. Voluptatibus voluptate facilis ab voluptatem ex ullam. Est eaque quo rerum enim rerum et expedita ut. Omnis asperiores qui labore aut ea deserunt ipsum. Distinctio tempore tenetur odit optio repellat. Est sequi consequatur molestiae dolorem perspiciatis sint amet et. Architecto qui aut et est error. Id nisi quasi ut a. Libero dolores et laudantium. Fuga totam ducimus doloribus et nihil consectetur est unde. Ipsam dicta sint molestias animi magni totam. Quia suscipit voluptates est odit vero. Dolor beatae facere aut dignissimos dolorum suscipit veritatis aut. Fugit nulla voluptatem culpa et voluptates dolorum praesentium sint. Non officia laboriosam explicabo dolore rerum earum. Ut placeat sit sequi. Qui voluptate illo sit vitae aut ab ducimus est. Dolores impedit rerum tenetur omnis accusantium. Explicabo quaerat ipsam rerum voluptatem. Velit libero non iusto ea qui sed accusamus. Magni quos pariatur molestiae officia.',1,2,'2018-01-22 11:34:57','2018-01-22 11:34:57');
/*!40000 ALTER TABLE `posts` ENABLE KEYS */;
UNLOCK TABLES;

--
-- Table structure for table `users`
--

DROP TABLE IF EXISTS `users`;
/*!40101 SET @saved_cs_client     = @@character_set_client */;
/*!40101 SET character_set_client = utf8 */;
CREATE TABLE `users` (
  `id` int(10) unsigned NOT NULL AUTO_INCREMENT,
  `name` varchar(191) COLLATE utf8mb4_unicode_ci NOT NULL,
  `email` varchar(191) COLLATE utf8mb4_unicode_ci NOT NULL,
  `password` varchar(191) COLLATE utf8mb4_unicode_ci NOT NULL,
  `remember_token` varchar(100) COLLATE utf8mb4_unicode_ci DEFAULT NULL,
  `created_at` timestamp NULL DEFAULT NULL,
  `updated_at` timestamp NULL DEFAULT NULL,
  PRIMARY KEY (`id`),
  UNIQUE KEY `users_email_unique` (`email`)
) ENGINE=InnoDB AUTO_INCREMENT=6 DEFAULT CHARSET=utf8mb4 COLLATE=utf8mb4_unicode_ci;
/*!40101 SET character_set_client = @saved_cs_client */;

--
-- Dumping data for table `users`
--

LOCK TABLES `users` WRITE;
/*!40000 ALTER TABLE `users` DISABLE KEYS */;
INSERT INTO `users` VALUES (1,'Sumon','sumon@gmail.com','$2y$10$3hwk.5izCzgskCut3/6cyO3Ak2giuYQpNQwjEQfN7vOoim4Lh4CZy',NULL,'2018-01-22 11:34:56','2018-01-22 11:34:56'),(2,'Sarwar','sarwar@gmail.com','$2y$10$vVoDZcItE9nvwpwa3CY9Cejdsib43KkpUWGNtKQmJ70hAlosx/Zei',NULL,'2018-01-22 11:34:56','2018-01-22 11:34:56'),(3,'Mojibur','mojibur@gmail.com','$2y$10$9vT/mX7fOFBK6AjBjgUe3ueIoMsk1wbZ0.WW/3aF6x6dnXOHkHBKC',NULL,'2018-01-22 11:34:56','2018-01-22 11:34:56'),(4,'Tanim','tanim@gmail.com','$2y$10$Ljw3uAU5d7B1outFoz0Y.etBsxX4oaFSksnq64NcYmQ4/lsTeO5x.',NULL,'2018-01-22 11:34:56','2018-01-22 11:34:56'),(5,'Riazul Hayder','riaz@gmail.com','$2y$10$1OZmfeZQOxpwR1IalYaf4.gxe31WGTHdGHRJns1vz9FYv7hqcaAXi',NULL,'2018-01-22 11:34:57','2018-01-22 11:34:57');
/*!40000 ALTER TABLE `users` ENABLE KEYS */;
UNLOCK TABLES;
/*!40103 SET TIME_ZONE=@OLD_TIME_ZONE */;

/*!40101 SET SQL_MODE=@OLD_SQL_MODE */;
/*!40014 SET FOREIGN_KEY_CHECKS=@OLD_FOREIGN_KEY_CHECKS */;
/*!40014 SET UNIQUE_CHECKS=@OLD_UNIQUE_CHECKS */;
/*!40101 SET CHARACTER_SET_CLIENT=@OLD_CHARACTER_SET_CLIENT */;
/*!40101 SET CHARACTER_SET_RESULTS=@OLD_CHARACTER_SET_RESULTS */;
/*!40101 SET COLLATION_CONNECTION=@OLD_COLLATION_CONNECTION */;
/*!40111 SET SQL_NOTES=@OLD_SQL_NOTES */;

-- Dump completed on 2018-01-22 23:35:01
